[{"commentTimes":0,"description":"1、管住嘴，对超出能力的事情坚决说“不”。  王哥调动托我疏通关系，酒桌上碍于面子硬着头皮答应了，之后真是无比纠结，虽然事情最后办成了，但运气成分很大，如果办不成，自己出糗事小，还耽误别人大事，以后类似事情，必须先权衡一二，不能图一时爽快满嘴跑火车。2、不轻易承诺，承诺必去做。  同事光哥是热心肠，谁找他帮忙都应承，前天拜托他的事情居然忘了，以前也有过一次，老苗也抱怨好几次，果然是轻诺必寡信，...        ","id":"72956248","picUrl":"","postdate":"2017-06-09 12:01","tagList":["人际交往"],"title":"有哪些有用的人际交往小常识？","typeList":[{"count":3,"id":"6960312","name":"人生感悟"}],"viewTimes":143},{"commentTimes":0,"description":"很多人提到的“不懂常识”，其实是“不懂对知识的敬畏”。我曾和一个学长聊天，他给我讲了这么一段话。“好好珍惜大学四年时间吧，你要知道，在大学里很多你以为是常识的东西，在这个社会上都是非主流的。”这段话令我感触很深。在大学里，周围的人觉得学校在QS、US news上的排名基本算常识，但出去你给别人讲是北京大学的，人家可能问你“那么你到底是北京哪个大学啊”； 在大学里，知道点基本的经济学常识，懂基本的数...        ","id":"72929087","picUrl":"http://img.blog.csdn.net/20170608172825007","postdate":"2017-06-08 17:15","tagList":["聊天"],"title":"跟学识浅薄却固执己见的人聊天是种什么体验？","typeList":[{"count":3,"id":"6960312","name":"人生感悟"}],"viewTimes":83},{"commentTimes":1,"description":"任何一种现象都是无法代表整体的，就像心理学效应一样，可能只是适用于一部分人，90%、70%，甚至连这个数据都达不到。把事情想得过于顺理成章才是大学生没有意识到的问题。1.以为能凭聚餐喝酒结识到有用的人脉。2.“毕业等于失业”不会发生在自己身上。3.喜欢用考既无含金量又与自己专业无关的证来证明自己的能力。4.对英语学习漠不关心，等着以后翻译工具普及。5.强行灌输“不玩游戏、不谈恋爱不算是完整的大学”观...        ","id":"72898089","picUrl":"","postdate":"2017-06-07 11:39","tagList":["学生"],"title":"有哪些中国社会的现实有一部分学生还没意识到？","typeList":[{"count":3,"id":"6960312","name":"人生感悟"}],"viewTimes":221},{"commentTimes":0,"description":"你去饭店，坐下来。 “服务员，给我来份宫保鸡丁！” “好嘞！” ——————这叫原始需求大厨做到一半。 “服务员，菜里不要放肉。” “不放肉怎么做啊？” “不放肉就行了，其它正常做，不就行了？” “好的您稍等” ——————中途需求变更厨房： 大厨：“你大爷，我肉都回锅了” 服务员：“顾客非要要求的嘛，你把肉挑出来不就行了吗” 大厨：“行你大爷” 然而还是一点点挑出来了 —...        ","id":"72897565","picUrl":"","postdate":"2017-06-07 11:01","tagList":["程序员"],"title":"如何向外行解释产品经理频繁更改需求为什么会令程序员烦恼?","typeList":[{"count":2,"id":"6959366","name":"程序员"}],"viewTimes":105},{"commentTimes":0,"description":"编程是个很复杂的玩意，但是成就优秀程序员的很多因素和我们在学校中早期学到的相差无几。本文灵感来源于 Robert Fulghum 的《All I Really Need to Know I Learned in Kindergarten》。分享尽可能地使用开源，并且如果有能力的话也可以把自己的成果分享给大家。整个社会的智慧结晶肯定比一些大公司自管自闭门造车要好。公平的心态不要以为你的选择就是唯一能奏...        ","id":"72897101","picUrl":"","postdate":"2017-06-07 10:31","tagList":["程序员"],"title":"一个优秀程序员具备的15个特性","typeList":[{"count":2,"id":"6959366","name":"程序员"}],"viewTimes":146}]